coletado_em,posicao,termo,volume_aprox,publicado_em,noticia_titulo,noticia_fonte
2026-10-08T05:50:17+00:00,1,kassio nunes lula,200+,"Wed, 7 Oct 2026 21:50:00 -0700","Kassio libera propagandas da campanha de Flávio que associam Lula a Moraes, caso INSS e cassinos ilegais",Folha de S.Paulo
2026-10-08T05:50:17+00:00,2,defesa civil do rio grande do sul,1000+,"Wed, 7 Oct 2026 21:20:00 -0700",O Centro de Monitoramento da Defesa Civil Estadual traz as condições hidrológicas para os próximos dias no RS,Defesa Civil do Rio Grande do Sul
2026-10-08T05:50:17+00:00,3,qualidade do ar manaus,100+,"Wed, 7 Oct 2026 21:00:00 -0700","Controle de chamas em lixão de Manaus só deve ser concluído nesta quinta-feira, diz comandante dos bombeiros",O GLOBO
2026-10-08T05:50:17+00:00,4,world space week 2026,2000+,"Wed, 7 Oct 2026 20:00:00 -0700",Semana Mundial do Espaço 2026 destaca 'Revolução dos Foguetes' e nova corrida espacial,CBN
2026-10-08T05:50:17+00:00,5,anime zero codes,200+,"Wed, 7 Oct 2026 20:00:00 -0700",Anime Zero codes for October 2026 revealed - Check latest working codes and how to redeem,The Economic Times
2026-10-08T05:50:17+00:00,6,enquete a fazenda,2000+,"Wed, 7 Oct 2026 20:00:00 -0700",Enquete A Fazenda 18: Votação aponta quem sai e mostra favorito em parcial,Notícias da TV
2026-10-08T05:50:17+00:00,7,brandon williams,200+,"Wed, 7 Oct 2026 20:00:00 -0700",Brandon Williams dá aos Warriors a velocidade que faltava,SpaceMoney
2026-10-08T05:50:17+00:00,8,semana mundial del espacio 2026,500+,"Wed, 7 Oct 2026 19:50:00 -0700","Marte, Titán, exoplanetas, materia oscura y rayos cósmicos: así celebrará el Universum la Semana Mundial del Espacio 2026",WIRED
2026-10-08T05:50:17+00:00,9,novena nossa senhora aparecida,200+,"Wed, 7 Oct 2026 19:30:00 -0700","Vestida de padroeira, assistente social diz que ouviu Nossa Senhora Aparecida e voltou a ajudar romeiros na Dutra: 'Vai e faz'",G1
2026-10-08T05:50:17+00:00,10,aday mara,200+,"Wed, 7 Oct 2026 19:30:00 -0700","Aday Mara faz 22 sem errar, mas Thunder perde do Bucks",Hoop78
2026-10-08T13:06:47+00:00,1,alerta vermelho: tempestade,100000+,"Thu, 8 Oct 2026 05:20:00 -0700",Temporais com granizo e ventos acima de 90 km/h colocam todo o RS em alerta nesta quinta-feira,G1
2026-10-08T13:06:47+00:00,2,avenida brasil 2,200+,"Thu, 8 Oct 2026 05:00:00 -0700","Outro Canal: Sem cenas gravadas, Globo levará atores para vender 'Avenida Brasil 2' ao mercado publicitário",UOL
2026-10-08T13:06:47+00:00,3,autoatendimento eleitoral tse,200+,"Thu, 8 Oct 2026 05:00:00 -0700",,
2026-10-08T13:06:47+00:00,4,feriado dia 12 de outubro,200+,"Thu, 8 Oct 2026 04:50:00 -0700",Operação no Feriado de Nossa Senhora Aparecida (12/10/2026),Consórcio Fênix
2026-10-08T13:06:47+00:00,5,mirra andreeva,200+,"Thu, 8 Oct 2026 04:50:00 -0700",Alexandrova upsets Noskova for 22nd career Top 10 win,WTA Tennis
2026-10-08T13:06:47+00:00,6,cyberleek,1000+,"Thu, 8 Oct 2026 04:30:00 -0700",Fans Issue GTA 6 Spoiler Warnings as 'Cyberleek' Returns With New 24-Minute Gameplay Video,IGN
2026-10-08T13:06:47+00:00,7,margaret hamilton,200+,"Thu, 8 Oct 2026 04:30:00 -0700","Margaret Hamilton, computing pioneer who led software development for the Apollo program, dies at 90",MIT News
2026-10-08T13:06:47+00:00,8,baianinho de mauá,500+,"Thu, 8 Oct 2026 04:20:00 -0700","Baianinho de Mauá, jogador de sinuca e candidato a deputado, se envolve em acidente de trânsito em SP; teste do bafômetro aponta embriaguez",G1
2026-10-08T13:06:47+00:00,9,ney santos,2000+,"Thu, 8 Oct 2026 04:10:00 -0700","Ney Santos, suspeito de elo com PCC, é eleito deputado em SP e aguarda TSE",UOL Notícias
2026-10-08T13:06:47+00:00,10,antena1,200+,"Thu, 8 Oct 2026 04:10:00 -0700",De Gaulle: Resistência : a aventura dos cromos,Público
2026-10-08T19:44:23+00:00,1,capcom,200+,"Thu, 8 Oct 2026 12:20:00 -0700","Análise | Dragon’s Dogma 2: Dark Arisen é rico em gameplay, detalhes e leva o RPG para um lado mais sombrio",RADAR DIGITAL BRASÍLIA
2026-10-08T19:44:23+00:00,2,letícia colin,500+,"Thu, 8 Oct 2026 12:10:00 -0700",'Quem ama cuida': Adriana revela a Heitor tudo o que sabe sobre Pilar e a família Brandão,O GLOBO
2026-10-08T19:44:23+00:00,3,alexandre mendes grêmio,50000+,"Thu, 8 Oct 2026 11:50:00 -0700",Auxiliar técnico de Renato no Grêmio é preso em Porto Alegre,ge
2026-10-08T19:44:23+00:00,4,boeing 737,500+,"Thu, 8 Oct 2026 11:50:00 -0700",Pilotos pedem retorno rápido e Boeing 737 é colocado no solo após suspeita de vazamento de combustível,AEROIN
2026-10-08T19:44:23+00:00,5,isabel teixeira,200+,"Thu, 8 Oct 2026 11:50:00 -0700",Isabel Teixeira: 'Lutei muito para fazer o que gosto',Globo
2026-10-08T19:44:23+00:00,6,hospital israelita albert einstein,200+,"Thu, 8 Oct 2026 11:30:00 -0700",Hospital Einstein sofre ataque hacker e dados de pacientes são acessados,UOL Notícias
2026-10-08T19:44:23+00:00,7,ufcg,200+,"Thu, 8 Oct 2026 11:20:00 -0700",Confusão política na UFCG termina com pessoas detidas pela PM; VÍDEO,G1
2026-10-08T19:44:23+00:00,8,gabriel galípolo,1000+,"Thu, 8 Oct 2026 11:10:00 -0700",Galípolo relata à PF reuniões tensas e 'com palavrões' com servidores do BC suspeitos de favorecer o Master,Valor Econômico
2026-10-08T19:44:23+00:00,9,gta vi,1000+,"Thu, 8 Oct 2026 11:00:00 -0700",Rockstar revela estações de rádio de GTA 6 e afirma que Jason e Lucia poderão ouvir podcast no fone,Estadão
2026-10-08T19:44:23+00:00,10,silver pines,500+,"Thu, 8 Oct 2026 11:00:00 -0700","Silver Pines review – a stylish, neo-noir detective drama",The Guardian
2026-10-09T00:12:48+00:00,1,isabela garcia,200+,"Thu, 8 Oct 2026 16:50:00 -0700",Quem Ama Cuida: Otoniel flagra beijo de Elisa e Enéas,Gshow
2026-10-09T00:12:48+00:00,2,resultado dos jogos de hoje,200+,"Thu, 8 Oct 2026 16:40:00 -0700","Quina acumula, e prêmio chega a R$ 28,5 milhões; veja números sorteados",UOL Notícias
2026-10-09T00:12:48+00:00,3,programação da globo hoje,200+,"Thu, 8 Oct 2026 16:30:00 -0700",Sessão da Tarde hoje (08/10): veja o filme desta quinta-feira na Rede Bahia,Globo
2026-10-09T00:12:48+00:00,4,cowboys x buccaneers,500+,"Thu, 8 Oct 2026 16:20:00 -0700","Horário e onde assistir ao vivo Dallas Cowboys x Tampa Bay Buccaneers, pela NFL",Rádio Itatiaia
2026-10-09T00:12:48+00:00,5,renan santos apoia quem no segundo turno,200+,"Thu, 8 Oct 2026 16:20:00 -0700",Renan Santos modula discurso e interage com 'esquerdistas' como contraponto a Flávio,Folha de S.Paulo
2026-10-09T00:12:48+00:00,6,seleção argentina de futebol feminino,200+,"Thu, 8 Oct 2026 16:10:00 -0700",Seleção Brasileira Feminina terá convocação só de goleiras e projeto inédito de captação,ge
2026-10-09T00:12:48+00:00,7,santos,200000+,"Thu, 8 Oct 2026 16:00:00 -0700",Santos x Flamengo: onde assistir ao vivo e escalações do jogo do Brasileirão,ESPN Brasil
2026-10-09T00:12:48+00:00,8,jogo do flamengo hoje,5000+,"Thu, 8 Oct 2026 16:00:00 -0700",Flamengo protesta na camisa contra veto a bets: 'Proibir não é proteger',UOL
2026-10-09T00:12:48+00:00,9,kerwin vargas,1000+,"Thu, 8 Oct 2026 16:00:00 -0700",Atacante do Athletico-PR participa de gol a cada 57 minutos,Furacao.com
2026-10-09T00:12:48+00:00,10,flashscore,500+,"Thu, 8 Oct 2026 16:00:00 -0700",Arsenal are targeting these future superstars in next phase of rebuild,Flashscore.co.za
